部分,项,均线,指数站上,指数站下,差,全样本,分位5,中位,分位95,r中位,r均值,r2中位,样本股数,信号,指数态,门槛,月数,信号命中,随机,lift,lift下界,lift上界,p,日期,距离,全市场分位,广度,指数站上20日
A,条件概率,20日线,0.6374091745335619,0.32617728847802807,0.31123188605553387,0.49584518975357394,,,,,,,,,,,,,,,,,,,,,,
A,条件概率,60日线,0.5781303232234837,0.3577408116072156,0.22038951161626807,0.4784173415935168,,,,,,,,,,,,,,,,,,,,,,
A,条件概率,20周线(MA100),0.5511123364441172,0.37563483942574527,0.1754774970183719,0.47154936875286035,,,,,,,,,,,,,,,,,,,,,,
A,条件概率,60周线(MA300),0.5488909540852255,0.4134587768058824,0.1354321772793431,0.4882220367783016,,,,,,,,,,,,,,,,,,,,,,
A,广度分布,20日线,,,,,0.12228169036196732,0.4820241565993424,0.9210829683963254,,,,,,,,,,,,,,,,,,,
A,广度分布,60日线,,,,,0.11216258144585792,0.4493332359733112,0.9580056076371846,,,,,,,,,,,,,,,,,,,
A,广度分布,20周线(MA100),,,,,0.11281864674560742,0.4298881740062257,0.9633427336560174,,,,,,,,,,,,,,,,,,,
A,广度分布,60周线(MA300),,,,,0.1068261399461186,0.4626960835495459,0.9432374663027413,,,,,,,,,,,,,,,,,,,
A,广度解释力,20日线,,,,,,,,0.4976074351140628,0.48383937706533214,0.24761315949320734,5170.0,,,,,,,,,,,,,,,
A,广度解释力,60日线,,,,,,,,0.5032886445630833,0.48955436394517354,0.2532994599375461,5158.0,,,,,,,,,,,,,,,
A,广度解释力,20周线(MA100),,,,,,,,0.4985657377921754,0.4825382452510668,0.24856779610446245,5132.0,,,,,,,,,,,,,,,
A,广度解释力,60周线(MA300),,,,,,,,0.5276089453697898,0.4945917736928381,0.2784530661944191,5060.0,,,,,,,,,,,,,,,
B,lift,,,,,,,,,,,,,UP_20 站上20日线,全部,≥100%,135.0,0.16439202660953614,0.16187897996532172,1.015524230784953,1.0062237081125176,1.0243691339890855,0.0,,,,,
B,lift,,,,,,,,,,,,,UP_20 站上20日线,全部,≥200%,135.0,0.04640113387606138,0.045782760924841084,1.013506676721298,0.9898924743119444,1.029990922435224,0.145,,,,,
B,lift,,,,,,,,,,,,,UP_20 站上20日线,全部,≥500%,135.0,0.0034079410600313096,0.0033379890223938845,1.0209563414283664,0.9480889904297825,1.0983976070487729,0.28,,,,,
B,lift,,,,,,,,,,,,,UP_20 站上20日线,站上,≥100%,62.0,0.19280872142877611,0.1881095274253492,1.0249811589436466,1.0167084551829142,1.0327060402621095,0.0,,,,,
B,lift,,,,,,,,,,,,,UP_20 站上20日线,站上,≥200%,62.0,0.05944538560922669,0.0583583103408831,1.0186276001137413,1.0022046697410598,1.0355940349928112,0.025,,,,,
B,lift,,,,,,,,,,,,,UP_20 站上20日线,站上,≥500%,62.0,0.004339935127386109,0.004334463651134657,1.0012623190991623,0.9243924654932626,1.0631132086735484,0.405,,,,,
B,lift,,,,,,,,,,,,,UP_20 站上20日线,站下,≥100%,73.0,0.1402572995027844,0.1396009807526956,1.0047013906818567,0.9867330626391453,1.0237679729036553,0.33,,,,,
B,lift,,,,,,,,,,,,,UP_20 站上20日线,站下,≥200%,73.0,0.035322454321866176,0.03510215731121635,1.0062758823822897,0.9661355621699984,1.0420384695759453,0.355,,,,,
B,lift,,,,,,,,,,,,,UP_20 站上20日线,站下,≥500%,73.0,0.0026163844548806586,0.0024916681048332283,1.050053355744094,0.887288486310722,1.2315824068204302,0.29,,,,,
B,lift,,,,,,,,,,,,,UP_60 站上60日线,全部,≥100%,135.0,0.1667690393886891,0.16184542084683484,1.030421735234102,1.0184689624833967,1.0413277365306488,0.0,,,,,
B,lift,,,,,,,,,,,,,UP_60 站上60日线,全部,≥200%,135.0,0.04775398394017732,0.04576112331683163,1.0435492068135637,1.0223825110674087,1.0632175476298562,0.0,,,,,
B,lift,,,,,,,,,,,,,UP_60 站上60日线,全部,≥500%,135.0,0.0033092474114989863,0.0033178480683719856,0.9974077604833728,0.939695381105609,1.0686407369878066,0.505,,,,,
B,lift,,,,,,,,,,,,,UP_60 站上60日线,站上,≥100%,62.0,0.19559329627812033,0.1880036363266131,1.0403697508186593,1.031171247623902,1.0502719937510459,0.0,,,,,
B,lift,,,,,,,,,,,,,UP_60 站上60日线,站上,≥200%,62.0,0.05971389464496708,0.05834199779405751,1.0235147390007497,1.0062315533683666,1.041555300062517,0.025,,,,,
B,lift,,,,,,,,,,,,,UP_60 站上60日线,站上,≥500%,62.0,0.004245997759888324,0.004313817929542234,0.9842783884805478,0.9092460671811448,1.0581709412026457,0.635,,,,,
B,lift,,,,,,,,,,,,,UP_60 站上60日线,站下,≥100%,73.0,0.1422881636743776,0.13962885427496843,1.019045557690907,0.9946450686190464,1.0378276131388742,0.08,,,,,
B,lift,,,,,,,,,,,,,UP_60 站上60日线,站下,≥200%,73.0,0.03759625156076683,0.03507599704850282,1.0718512579636448,1.0332300837742945,1.1117659783564515,0.005,,,,,
B,lift,,,,,,,,,,,,,UP_60 站上60日线,站下,≥500%,73.0,0.0025136512251957123,0.002471955857515062,1.0168673593235458,0.8815948001932081,1.152293134295107,0.405,,,,,
B,lift,,,,,,,,,,,,,UP_100 站上20周线(MA100),全部,≥100%,135.0,0.1682879087350399,0.1609467348411533,1.0456124437760852,1.0348944932557547,1.0567080687127839,0.0,,,,,
B,lift,,,,,,,,,,,,,UP_100 站上20周线(MA100),全部,≥200%,135.0,0.04850729434280975,0.04552798403066994,1.0654391002714463,1.0448866406428654,1.0870928878113812,0.0,,,,,
B,lift,,,,,,,,,,,,,UP_100 站上20周线(MA100),全部,≥500%,135.0,0.003287704291989756,0.003306596984769037,0.9942863636341819,0.9259720179319609,1.0650720602267394,0.515,,,,,
B,lift,,,,,,,,,,,,,UP_100 站上20周线(MA100),站上,≥100%,62.0,0.1965481411683884,0.18799975163158109,1.0454702171817727,1.0357969983392143,1.055606014755879,0.0,,,,,
B,lift,,,,,,,,,,,,,UP_100 站上20周线(MA100),站上,≥200%,62.0,0.06082051245134795,0.05827867129583174,1.0436152901052502,1.0213055444454868,1.0641761851377294,0.0,,,,,
B,lift,,,,,,,,,,,,,UP_100 站上20周线(MA100),站上,≥500%,62.0,0.004259998743222718,0.0043327390044784865,0.9832114832717638,0.9070395702146947,1.0617847095451303,0.63,,,,,
B,lift,,,,,,,,,,,,,UP_100 站上20周线(MA100),站下,≥100%,73.0,0.14428606749027809,0.13797020003284474,1.0457770406647944,1.0245568330879322,1.066228772069053,0.0,,,,,
B,lift,,,,,,,,,,,,,UP_100 站上20周线(MA100),站下,≥200%,73.0,0.03804949266158555,0.034698633202724316,1.096570358817423,1.056202767382613,1.1414436347479429,0.0,,,,,
B,lift,,,,,,,,,,,,,UP_100 站上20周线(MA100),站下,≥500%,73.0,0.002461919963545323,0.002435079105015806,1.0110225817609908,0.9120020748822062,1.1347652496765996,0.415,,,,,
B,lift,,,,,,,,,,,,,UP_300 站上60周线(MA300),全部,≥100%,135.0,0.16519460658552215,0.1617976906959357,1.0209948354329126,1.0092754404488058,1.0328980721365202,0.005,,,,,
B,lift,,,,,,,,,,,,,UP_300 站上60周线(MA300),全部,≥200%,135.0,0.04654649537659472,0.045776089177470405,1.0168298824335453,0.9979774348520668,1.0368314299592243,0.075,,,,,
B,lift,,,,,,,,,,,,,UP_300 站上60周线(MA300),全部,≥500%,135.0,0.003024704691131324,0.0033049351022613445,0.9152084980614967,0.8524832480724737,0.9759740346657773,0.975,,,,,
B,lift,,,,,,,,,,,,,UP_300 站上60周线(MA300),站上,≥100%,62.0,0.1930268220449984,0.18797990415615878,1.0268481777958938,1.014612681232874,1.0411493649078543,0.005,,,,,
B,lift,,,,,,,,,,,,,UP_300 站上60周线(MA300),站上,≥200%,62.0,0.05944575000345138,0.0583142919718955,1.0194027569107962,0.999292156486144,1.0401516230887848,0.075,,,,,
B,lift,,,,,,,,,,,,,UP_300 站上60周线(MA300),站上,≥500%,62.0,0.004033002091240126,0.004312362889135948,0.935218624898287,0.8590300646770967,1.0210208596176062,0.91,,,,,
B,lift,,,,,,,,,,,,,UP_300 站上60周线(MA300),站下,≥100%,73.0,0.14155628660624092,0.1395607422776641,1.0142987511818085,0.9943714953222187,1.0350116144815387,0.1,,,,,
B,lift,,,,,,,,,,,,,UP_300 站上60周线(MA300),站下,≥200%,73.0,0.03559096404967535,0.03512720461234225,1.0132022870151802,0.9788122495885523,1.0505221543684338,0.27,,,,,
B,lift,,,,,,,,,,,,,UP_300 站上60周线(MA300),站下,≥500%,73.0,0.0021683425156964514,0.002449311502450036,0.8852865442094513,0.7784019462367779,1.0139924853308777,0.935,,,,,
B,lift,,,,,,,,,,,,,SMALL_MV 市值最小档(零锚点),全部,≥100%,135.0,0.2119286395624676,0.202065840235711,1.0488098300794018,1.0419845837361599,1.0552632829505826,0.0,,,,,
B,lift,,,,,,,,,,,,,SMALL_MV 市值最小档(零锚点),全部,≥200%,135.0,0.06500321804025315,0.06338477082454556,1.0255336919997327,1.013205653662776,1.0380489865053597,0.0,,,,,
B,lift,,,,,,,,,,,,,SMALL_MV 市值最小档(零锚点),全部,≥500%,135.0,0.005650068636852638,0.006184096351153889,0.9136449880504195,0.8813852752065248,0.9477471265192321,1.0,,,,,
B,lift,,,,,,,,,,,,,SMALL_MV 市值最小档(零锚点),站上,≥100%,62.0,0.23290272777831117,0.22755790509793528,1.0234877477803974,1.0160327085619305,1.0318063906231025,0.0,,,,,
B,lift,,,,,,,,,,,,,SMALL_MV 市值最小档(零锚点),站上,≥200%,62.0,0.081533797520484,0.08170646574169788,0.9978867251245483,0.9836367779242648,1.0134810349318606,0.595,,,,,
B,lift,,,,,,,,,,,,,SMALL_MV 市值最小档(零锚点),站上,≥500%,62.0,0.0069847461196523115,0.008111146490246914,0.8611293271612072,0.8198355818703655,0.9007501025267717,1.0,,,,,
B,lift,,,,,,,,,,,,,SMALL_MV 市值最小档(零锚点),站下,≥100%,73.0,0.19411503039284708,0.18041504542121906,1.075935933944103,1.065662247988789,1.0868854131063048,0.0,,,,,
B,lift,,,,,,,,,,,,,SMALL_MV 市值最小档(零锚点),站下,≥200%,73.0,0.05096354779676942,0.047823879251073745,1.065650645553292,1.0437684682189388,1.0874419151635704,0.0,,,,,
B,lift,,,,,,,,,,,,,SMALL_MV 市值最小档(零锚点),站下,≥500%,73.0,0.004516506939132368,0.004547423630280361,0.9932012731468155,0.9388492922980002,1.0615831800411561,0.585,,,,,
C,案例,20日线,,,,,,,,,,,,宁德时代,,,,,,,,,,2019-12-31,0.10696101950543047,94.6282160022618,0.7760814249363868,True
C,案例,60日线,,,,,,,,,,,,宁德时代,,,,,,,,,,2019-12-31,0.2986169934847489,98.2199253517083,0.7286821705426356,True
C,案例,20周线(MA100),,,,,,,,,,,,宁德时代,,,,,,,,,,2019-12-31,0.3535457551933776,98.121387283237,0.6184971098265896,True
C,案例,60周线(MA300),,,,,,,,,,,,宁德时代,,,,,,,,,,2019-12-31,0.3681241420033463,92.4827792752321,0.5456723569931117,True
C,案例,20日线,,,,,,,,,,,,生益电子,,,,,,,,,,2024-05-31,0.12329935268808878,98.5661614092585,0.24928308070462926,False
C,案例,60日线,,,,,,,,,,,,生益电子,,,,,,,,,,2024-05-31,0.38704530950861527,99.71264367816092,0.40476190476190477,False
C,案例,20周线(MA100),,,,,,,,,,,,生益电子,,,,,,,,,,2024-05-31,0.4951863049602214,99.73223480947478,0.4012358393408857,False
C,案例,60周线(MA300),,,,,,,,,,,,生益电子,,,,,,,,,,2024-05-31,0.34901965652289957,97.56884681583476,0.2319277108433735,False
C,案例,20日线,,,,,,,,,,,,宇通客车,,,,,,,,,,2024-01-31,-0.004488936559011614,92.89662231320368,0.06489252814738997,False
C,案例,60日线,,,,,,,,,,,,宇通客车,,,,,,,,,,2024-01-31,0.09740610448567288,98.62224964013984,0.06456919596956612,False
C,案例,20周线(MA100),,,,,,,,,,,,宇通客车,,,,,,,,,,2024-01-31,0.11052025170610658,98.3054350072329,0.0657160570365778,False
C,案例,60周线(MA300),,,,,,,,,,,,宇通客车,,,,,,,,,,2024-01-31,0.3008000664415036,99.13194444444444,0.09136284722222222,False
