段,组,组号,n,持有,事件收益,对照中位,超额pp,年化超额pp,p
训练段13-21,G0 正式突破(三条全过),0,7430,5,0.008664686718253501,0.010401673310035466,-0.1736986591781965,-13.829348761690841,1.0
训练段13-21,G0 正式突破(三条全过),0,7430,20,0.03329370323386954,0.032135627843320344,0.11580753905491986,2.0961557795207586,0.11442786069651742
训练段13-21,G0 正式突破(三条全过),0,7430,60,0.06042069239655854,0.05638505850249667,0.40356338940618697,2.0126296168253344,0.014925373134328358
训练段13-21,G0 正式突破(三条全过),0,7430,120,0.10173125034354016,0.09783286425271319,0.38983860908269746,0.900310844018537,0.07462686567164178
训练段13-21,G0 正式突破(三条全过),0,7430,250,0.1859129745457425,0.19473811978074163,-0.8825145234999138,-0.8825145234999221,0.9701492537313433
训练段13-21,G1 仅缩量比不过,1,2035,5,0.008415614339346499,0.007987397647333085,0.042821669201341395,3.1949276209241484,0.31343283582089554
训练段13-21,G1 仅缩量比不过,1,2035,20,0.026548705492566008,0.027016595794316735,-0.046789030175072716,-0.7926062847146031,0.6119402985074627
训练段13-21,G1 仅缩量比不过,1,2035,60,0.03821287031326439,0.04449356650283397,-0.6280696189569578,-2.9752828723452307,0.9850746268656716
训练段13-21,G1 仅缩量比不过,1,2035,120,0.07759745074456752,0.08410993493144084,-0.6512484186873322,-1.475999884995538,0.9104477611940298
训练段13-21,G1 仅缩量比不过,1,2035,250,0.12541913514666905,0.13890854640155956,-1.3489411254890504,-1.3489411254890449,0.9651741293532339
训练段13-21,G2 仅收敛比不过,2,3481,5,0.009450316291425462,0.008516542164437087,0.09337741269883748,7.2371228920203645,0.08955223880597014
训练段13-21,G2 仅收敛比不过,2,3481,20,0.03843337610250986,0.029759850527151285,0.8673525575358575,15.94821976413925,0.004975124378109453
训练段13-21,G2 仅收敛比不过,2,3481,60,0.08561967384775351,0.07466520672114166,1.0954467126611855,5.826611309839436,0.004975124378109453
训练段13-21,G2 仅收敛比不过,2,3481,120,0.07708548401818477,0.07257166553231137,0.45138184858734,1.0168424921970676,0.15422885572139303
训练段13-21,G2 仅收敛比不过,2,3481,250,0.16589549157695718,0.17968653177207033,-1.3791040195113151,-1.3791040195113125,0.9900497512437811
训练段13-21,G3 仅深度不过,3,890,5,0.0019171456737226056,0.008136689071721579,-0.6219543397998973,-39.908376483502785,1.0
训练段13-21,G3 仅深度不过,3,890,20,0.03377159485320296,0.04253787028830368,-0.8766275435100717,-16.86145007257498,0.9900497512437811
训练段13-21,G3 仅深度不过,3,890,60,0.0979082542636164,0.10033746808031499,-0.24292138166985833,-1.3653213160794708,0.6069651741293532
训练段13-21,G3 仅深度不过,3,890,120,0.15793658992727952,0.1589125329197435,-0.09759429924639795,-0.2384367996410397,0.5671641791044776
训练段13-21,G3 仅深度不过,3,890,250,0.13710939386286494,0.18147498190390676,-4.436558804104182,-4.436558804104185,1.0
训练段13-21,G4 差两条及以上,4,13231,5,0.015224175398777441,0.01340847606910795,0.18156993296694918,18.2241665108684,0.004975124378109453
训练段13-21,G4 差两条及以上,4,13231,20,0.030533276752489548,0.033126563596399775,-0.25932868439102263,-4.648017106672575,1.0
训练段13-21,G4 差两条及以上,4,13231,60,0.04874918905884539,0.045570656713491656,0.3178532345353736,1.5324668082725257,0.03482587064676617
训练段13-21,G4 差两条及以上,4,13231,120,0.0580539691109428,0.049449131881776104,0.8604837229166696,1.8972938980814646,0.004975124378109453
训练段13-21,G4 差两条及以上,4,13231,250,0.07619295615910078,0.0676025357236971,0.8590420435403687,0.8590420435403701,0.004975124378109453
留出段22-26,G0 正式突破(三条全过),0,5367,5,0.0003822541467938568,0.003534113162852749,-0.3151859016058892,-17.36153405257861,1.0
留出段22-26,G0 正式突破(三条全过),0,5367,20,0.008737801665010578,0.01441615270271363,-0.5678351037703052,-8.103802862178622,1.0
留出段22-26,G0 正式突破(三条全过),0,5367,60,0.02032824386528962,0.020885983894299232,-0.05577400290096117,-0.2478978816282007,0.6616915422885572
留出段22-26,G0 正式突破(三条全过),0,5367,120,0.06860634084689064,0.06645079867318258,0.21555421737080582,0.4820141185081672,0.23383084577114427
留出段22-26,G0 正式突破(三条全过),0,5367,250,0.13380159181903742,0.12071367969023336,1.3087912128804058,1.3087912128804113,0.024875621890547265
留出段22-26,G1 仅缩量比不过,1,912,5,-0.0009596413225304067,0.0009221251166472567,-0.18817664391776634,-9.403450498188048,0.9054726368159204
留出段22-26,G1 仅缩量比不过,1,912,20,0.0062856539532119005,0.006476530092642464,-0.019087613943056386,-0.25670251478850936,0.5422885572139303
留出段22-26,G1 仅缩量比不过,1,912,60,0.027031999604451944,0.018903604101337956,0.8128395503113988,3.639409948847838,0.01990049751243781
留出段22-26,G1 仅缩量比不过,1,912,120,0.06918187032178126,0.07277414254310459,-0.3592272221323328,-0.8061025331466354,0.7014925373134329
留出段22-26,G1 仅缩量比不过,1,912,250,0.09308325420086268,0.08739994244871754,0.5683311752145135,0.5683311752145093,0.3333333333333333
留出段22-26,G2 仅收敛比不过,2,2280,5,0.004201115878580978,0.0035571998137835983,0.06439160647973798,3.89230819919697,0.24378109452736318
留出段22-26,G2 仅收敛比不过,2,2280,20,0.007160252134782736,0.010231829783763044,-0.30715776489803076,-4.241655661948518,0.9502487562189055
留出段22-26,G2 仅收敛比不过,2,2280,60,0.010358297747167719,0.016010571777858442,-0.5652274030690723,-2.454875342820939,0.9850746268656716
留出段22-26,G2 仅收敛比不过,2,2280,120,0.044650729222848164,0.04717126249207916,-0.2520533269230997,-0.5512777899947308,0.7164179104477612
留出段22-26,G2 仅收敛比不过,2,2280,250,0.14530343985096184,0.10885247977297761,3.645096007798422,3.645096007798432,0.004975124378109453
留出段22-26,G3 仅深度不过,3,1055,5,-0.0065203421247518965,-0.0036563487565906,-0.28639933681612967,-11.161846048413693,0.9800995024875622
留出段22-26,G3 仅深度不过,3,1055,20,0.005705774958953739,0.007763277302811916,-0.20575023438581774,-2.7783154468462357,0.7860696517412935
留出段22-26,G3 仅深度不过,3,1055,60,0.040058495681042305,0.051782081410768954,-1.1723585729726649,-5.631321821080437,0.9950248756218906
留出段22-26,G3 仅深度不过,3,1055,120,0.13440643911822775,0.132139798106142,0.22666410120857627,0.5407592802600059,0.373134328358209
留出段22-26,G3 仅深度不过,3,1055,250,0.30264729306531596,0.2783691398162513,2.4278153249064682,2.427815324906457,0.06467661691542288
留出段22-26,G4 差两条及以上,4,6976,5,-0.002957645413074533,-0.00213031423666436,-0.0827331176410173,-3.6515118343050323,0.9601990049751243
留出段22-26,G4 差两条及以上,4,6976,20,-0.010709988236313596,-0.005990597332171941,-0.47193909041416543,-5.357544218389365,1.0
留出段22-26,G4 差两条及以上,4,6976,60,0.0031320196118427863,0.0007100721508605141,0.24219474609822722,1.015298199439374,0.08955223880597014
留出段22-26,G4 差两条及以上,4,6976,120,0.042537999544521164,0.042994015387396625,-0.0456015842875461,-0.09941253116834137,0.6069651741293532
留出段22-26,G4 差两条及以上,4,6976,250,0.1376407634546586,0.1424480140143994,-0.4807250559740822,-0.4807250559740739,0.8656716417910447
