n,事件收益,对照中位,超额pp,年化超额pp,p,轴,段,组,持有,组序
25603,0.001407309356257596,0.0029339655541767303,-0.15266561979191343,-8.490867188524698,1.0,S1 是否同时创52周新高,训练段13-21,未创52周新高,5,0
25603,0.008664989176263169,0.011550093094174199,-0.288510391791103,-4.0487117067196765,1.0,S1 是否同时创52周新高,训练段13-21,未创52周新高,20,0
25603,0.015231624374604315,0.019935539921780467,-0.4703915547176151,-2.071204034188967,1.0,S1 是否同时创52周新高,训练段13-21,未创52周新高,60,0
25603,0.046678264717148935,0.047973767318952094,-0.12955026018031598,-0.28376082449939055,0.8407960199004975,S1 是否同时创52周新高,训练段13-21,未创52周新高,120,0
25603,0.10740434649872846,0.10230219163266241,0.510215486606605,0.5102154866065911,0.004975124378109453,S1 是否同时创52周新高,训练段13-21,未创52周新高,250,0
28427,0.014085403135774374,0.011874465581666778,0.22109375541075962,20.806091440601527,0.004975124378109453,S1 是否同时创52周新高,训练段13-21,同时创52周新高,5,1
28427,0.034395361302893765,0.03172304389353081,0.26723174093629537,4.8557084131023,0.004975124378109453,S1 是否同时创52周新高,训练段13-21,同时创52周新高,20,1
28427,0.06572485551383846,0.06342249046180018,0.2302365052038277,1.1695531847045304,0.014925373134328358,S1 是否同时创52周新高,训练段13-21,同时创52周新高,60,1
28427,0.10369206232707337,0.09890863295409562,0.47834293729777516,1.1063590272618606,0.004975124378109453,S1 是否同时创52周新高,训练段13-21,同时创52周新高,120,1
28427,0.14447582868287318,0.14293738959251745,0.15384390903557255,0.153843909035567,0.2835820895522388,S1 是否同时创52周新高,训练段13-21,同时创52周新高,250,1
21335,-1.5960217445138294e-05,0.0007179635828838166,-0.07339238003289549,-3.733464625587024,0.9850746268656716,S1 是否同时创52周新高,留出段22-26,未创52周新高,5,0
21335,0.006006882029753212,0.008541904154150124,-0.25350221243969123,-3.4443337838333976,1.0,S1 是否同时创52周新高,留出段22-26,未创52周新高,20,0
21335,0.014492366610737372,0.01973424648597301,-0.5241879875235637,-2.304705037635557,1.0,S1 是否同时创52周新高,留出段22-26,未创52周新高,60,0
21335,0.05546894788073414,0.05970033176706535,-0.4231383886331208,-0.9366613766935483,1.0,S1 是否同时创52周新高,留出段22-26,未创52周新高,120,0
21335,0.14425842492105379,0.14940702428123326,-0.5148599360179473,-0.514859936017964,0.9601990049751243,S1 是否同时创52周新高,留出段22-26,未创52周新高,250,0
15559,-0.0006406797520476145,0.0004162327497546438,-0.10569125018022583,-5.2561565732556765,1.0,S1 是否同时创52周新高,留出段22-26,同时创52周新高,5,1
15559,-0.0035188992848960788,0.00222433428300811,-0.5743233567904189,-7.126968328926708,1.0,S1 是否同时创52周新高,留出段22-26,同时创52周新高,20,1
15559,0.007083209988694356,0.01730756137780978,-1.0224351389115423,-4.426980863498042,1.0,S1 是否同时创52周新高,留出段22-26,同时创52周新高,60,1
15559,0.05094713665467936,0.06294760859040738,-1.2000471935728014,-2.654697918671123,1.0,S1 是否同时创52周新高,留出段22-26,同时创52周新高,120,1
15559,0.12847951844022013,0.1344909497121788,-0.6011431271958662,-0.6011431271958578,0.945273631840796,S1 是否同时创52周新高,留出段22-26,同时创52周新高,250,1
10902,0.001215124744340017,0.004493086594371962,-0.32779618500319446,-18.865946390446563,1.0,S2 市场广度五分位,训练段13-21,Q1 广度,5,0
10902,0.0036453397748449096,0.012416272941326429,-0.8770933166481519,-12.024581679757862,1.0,S2 市场广度五分位,训练段13-21,Q1 广度,20,0
10902,0.02913501664506285,0.03809121846049712,-0.8956201815434273,-4.143706533964053,1.0,S2 市场广度五分位,训练段13-21,Q1 广度,60,0
10902,0.061004789828373644,0.06611660082155912,-0.5111810993185479,-1.1384817080097864,0.9950248756218906,S2 市场广度五分位,训练段13-21,Q1 广度,120,0
10902,0.15824205899149213,0.15674570625882378,0.1496352732668349,0.1496352732668349,0.34328358208955223,S2 市场广度五分位,训练段13-21,Q1 广度,250,0
10857,0.004642807790549794,0.0038128315866566686,0.08299762038931251,5.103226949422601,0.024875621890547265,S2 市场广度五分位,训练段13-21,Q2 广度,5,1
10857,0.01585642757007555,0.016741299746151583,-0.0884872176076034,-1.3321059516286926,0.8308457711442786,S2 市场广度五分位,训练段13-21,Q2 广度,20,1
10857,0.03190570346470057,0.039913566954119344,-0.8007863489418774,-3.731058870342996,1.0,S2 市场广度五分位,训练段13-21,Q2 广度,60,1
10857,0.059173930806660294,0.06276228781311655,-0.35883570064562526,-0.7970739518733172,0.9601990049751243,S2 市场广度五分位,训练段13-21,Q2 广度,120,1
10857,0.13557846905543605,0.13620804148625193,-0.06295724308158779,-0.06295724308158501,0.5671641791044776,S2 市场广度五分位,训练段13-21,Q2 广度,250,1
10809,0.0011884289256173543,-0.0006849721006169361,0.18734010262342904,9.486505416415024,0.004975124378109453,S2 市场广度五分位,训练段13-21,Q3 广度,5,2
10809,0.013402119958688698,0.01170522360244888,0.16968963562398187,2.44838141782715,0.01990049751243781,S2 市场广度五分位,训练段13-21,Q3 广度,20,2
10809,0.04197642445535292,0.04102376363719594,0.09526608181569807,0.4514901970226637,0.2835820895522388,S2 市场广度五分位,训练段13-21,Q3 广度,60,2
10809,0.07240165632568246,0.07230895656435565,0.00926997613268088,0.02083072133933772,0.4975124378109453,S2 市场广度五分位,训练段13-21,Q3 广度,120,2
10809,0.09515447241546045,0.09282385682982375,0.23306155856367,0.23306155856368527,0.31840796019900497,S2 市场广度五分位,训练段13-21,Q3 广度,250,2
10823,0.006715237884801662,0.005500546114141568,0.12146917706600943,8.18618125129229,0.004975124378109453,S2 市场广度五分位,训练段13-21,Q4 广度,5,3
10823,0.038990412753488336,0.0358878067728417,0.31026059806466344,5.91869917185075,0.004975124378109453,S2 市场广度五分位,训练段13-21,Q4 广度,20,3
10823,0.07127280202058628,0.0662652211342531,0.5007580886333185,2.575638996665175,0.004975124378109453,S2 市场广度五分位,训练段13-21,Q4 广度,60,3
10823,0.1644006107559713,0.15322043459849538,1.1180176157475907,2.7324634441618256,0.004975124378109453,S2 市场广度五分位,训练段13-21,Q4 广度,120,3
10823,0.21739389782691765,0.2123969588212647,0.4996939005652956,0.49969390056530116,0.1044776119402985,S2 市场广度五分位,训练段13-21,Q4 广度,250,3
10639,0.027000478838229248,0.025482007209059836,0.15184716291694114,27.020514377724325,0.004975124378109453,S2 市场广度五分位,训练段13-21,Q5 广度,5,4
10639,0.03955777548821197,0.03431069878774508,0.524707670046689,9.954566099041129,0.004975124378109453,S2 市场广度五分位,训练段13-21,Q5 广度,20,4
10639,0.03470221490435524,0.028378886935153766,0.6323327969201473,2.907004904925503,0.004975124378109453,S2 市场广度五分位,训练段13-21,Q5 广度,60,4
10639,0.02569179137248416,0.018681390385720753,0.7010400986763408,1.495636517841259,0.004975124378109453,S2 市场广度五分位,训练段13-21,Q5 广度,120,4
10639,0.026165866265196184,0.018487128166526513,0.7678738098669671,0.7678738098669813,0.014925373134328358,S2 市场广度五分位,训练段13-21,Q5 广度,250,4
7819,-0.0015297905532511737,0.0026344611805314716,-0.41642517337826446,-21.428640551209675,1.0,S2 市场广度五分位,留出段22-26,Q1 广度,5,0
7819,-0.004814596108891955,0.007050857285465411,-1.1865453394357366,-15.034274862276531,1.0,S2 市场广度五分位,留出段22-26,Q1 广度,20,0
7819,-0.001088950134175202,0.020906473521812925,-2.1995423655988127,-9.45671039837086,1.0,S2 市场广度五分位,留出段22-26,Q1 广度,60,0
7819,0.001354879655718005,0.030525807021245327,-2.9170927365527324,-6.182311771595805,1.0,S2 市场广度五分位,留出段22-26,Q1 广度,120,0
7819,0.060996699328128526,0.10083364608441259,-3.983694675628406,-3.983694675628402,1.0,S2 市场广度五分位,留出段22-26,Q1 广度,250,0
9417,-0.006434651609626058,-0.0052747933213012094,-0.1159858288324849,-4.349864243386592,1.0,S2 市场广度五分位,留出段22-26,Q2 广度,5,1
9417,-0.015109812401471499,-0.009662168188449519,-0.544764421302198,-5.901175221301058,1.0,S2 市场广度五分位,留出段22-26,Q2 广度,20,1
9417,-0.029417116266151684,-0.017841375811326964,-1.1575740454824721,-4.47165617948132,1.0,S2 市场广度五分位,留出段22-26,Q2 广度,60,1
9417,0.005084874691884299,0.016702186372317525,-1.1617311680433224,-2.4488498355796695,1.0,S2 市场广度五分位,留出段22-26,Q2 广度,120,1
9417,0.03751590645566107,0.048744513550975435,-1.1228607095314362,-1.1228607095314258,1.0,S2 市场广度五分位,留出段22-26,Q2 广度,250,1
6510,0.0008918950959500321,0.0012285197929283716,-0.03366246969783395,-1.772843954526393,0.7512437810945274,S2 市场广度五分位,留出段22-26,Q3 广度,5,2
6510,-0.008514883861987944,-0.006696952035388086,-0.1817931826599858,-2.0814349600169257,0.9502487562189055,S2 市场广度五分位,留出段22-26,Q3 广度,20,2
6510,0.01448642895155977,0.015142005252878229,-0.06555763013184596,-0.2861779103830786,0.5870646766169154,S2 市场广度五分位,留出段22-26,Q3 广度,60,2
6510,0.08892807633715845,0.09129931089002313,-0.23712345528646844,-0.5424100526191467,0.7960199004975125,S2 市场广度五分位,留出段22-26,Q3 广度,120,2
6510,0.16582904698981457,0.16464879248655712,0.11802545032574552,0.11802545032573164,0.43283582089552236,S2 市场广度五分位,留出段22-26,Q3 广度,250,2
7034,0.018031926221323356,0.017491527218243288,0.05403990030800679,6.402597194393422,0.12437810945273632,S2 市场广度五分位,留出段22-26,Q4 广度,5,3
7034,0.04279931680955193,0.043269001133016245,-0.04696843234643158,-0.9531245039676062,0.6666666666666666,S2 市场广度五分位,留出段22-26,Q4 广度,20,3
7034,0.05313226048487319,0.05422900103097367,-0.10967405461004762,-0.5392679566438296,0.7064676616915423,S2 市场广度五分位,留出段22-26,Q4 广度,60,3
7034,0.12013674530364457,0.11379649456599203,0.6340250737652542,1.4890483258912512,0.024875621890547265,S2 市场广度五分位,留出段22-26,Q4 广度,120,3
7034,0.1331067263729909,0.11343414450031722,1.9672581872673678,1.9672581872673511,0.004975124378109453,S2 市场广度五分位,留出段22-26,Q4 广度,250,3
6114,-0.011513756472522825,-0.013160178272622003,0.16464218000991782,4.48188301637985,0.004975124378109453,S2 市场广度五分位,留出段22-26,Q5 广度,5,4
6114,0.0012630363091794654,-0.0014137010760997956,0.2676737385279261,3.343144760851735,0.03980099502487562,S2 市场广度五分位,留出段22-26,Q5 广度,20,4
6114,0.038746944407326046,0.03531930408092917,0.34276403263968774,1.6024900764144423,0.06467661691542288,S2 市场广度五分位,留出段22-26,Q5 广度,60,4
6114,0.08074497707284076,0.0758549977465102,0.48899793263305624,1.105436294112483,0.06467661691542288,S2 市场广度五分位,留出段22-26,Q5 广度,120,4
6114,0.3648554188340137,0.3520023925406379,1.2853026293375758,1.2853026293375702,0.03980099502487562,S2 市场广度五分位,留出段22-26,Q5 广度,250,4
10691,0.015408156293656253,0.004712622047002221,1.0695534246654033,88.29836534428637,0.004975124378109453,S3 突破周量比五分位,训练段13-21,Q1 量比,5,0
10691,0.03502033879946168,0.017681569557575036,1.7338769241886647,29.272131660510748,0.004975124378109453,S3 突破周量比五分位,训练段13-21,Q1 量比,20,0
10691,0.07665116670818738,0.0545720576584141,2.2079109049773273,11.251754755011723,0.004975124378109453,S3 突破周量比五分位,训练段13-21,Q1 量比,60,0
10691,0.12418900470113074,0.09458482068408737,2.960418401704337,6.901650759395128,0.004975124378109453,S3 突破周量比五分位,训练段13-21,Q1 量比,120,0
10691,0.18630652662286193,0.14492646209465831,4.1380064528203615,4.138006452820342,0.004975124378109453,S3 突破周量比五分位,训练段13-21,Q1 量比,250,0
10899,0.007123568718169543,0.005046571258954063,0.20769974592154805,13.985817290616588,0.004975124378109453,S3 突破周量比五分位,训练段13-21,Q2 量比,5,1
10899,0.024485146236506043,0.020720424620203917,0.3764721616302126,6.085589663790003,0.004975124378109453,S3 突破周量比五分位,训练段13-21,Q2 量比,20,1
10899,0.05801738699316643,0.046666422479574164,1.1350964513592263,5.559034552879227,0.004975124378109453,S3 突破周量比五分位,训练段13-21,Q2 量比,60,1
10899,0.09874879818996475,0.0777861190085182,2.096267918144655,4.786335124054331,0.004975124378109453,S3 突破周量比五分位,训练段13-21,Q2 量比,120,1
10899,0.17105845827006821,0.14671662620338952,2.43418320666787,2.4341832066678837,0.004975124378109453,S3 突破周量比五分位,训练段13-21,Q2 量比,250,1
10948,0.008437854502896735,0.007930386111870778,0.05074683910259569,3.7830542124555055,0.08955223880597014,S3 突破周量比五分位,训练段13-21,Q3 量比,5,2
10948,0.025149812154071288,0.02223348846981414,0.2916323684257146,4.772092163777386,0.004975124378109453,S3 突破周量比五分位,训练段13-21,Q3 量比,20,2
10948,0.0424383841167238,0.04043278716579147,0.20055969509323313,0.9503177805683993,0.12437810945273632,S3 突破周量比五分位,训练段13-21,Q3 量比,60,2
10948,0.07410206081929502,0.06622076374191095,0.7881297077384066,1.7670951861220807,0.004975124378109453,S3 突破周量比五分位,训练段13-21,Q3 量比,120,2
10948,0.13494106392522606,0.11207457225816944,2.2866491667056623,2.2866491667056454,0.004975124378109453,S3 突破周量比五分位,训练段13-21,Q3 量比,250,2
10845,0.008897348419345835,0.010529722816998632,-0.16323743976527968,-13.110273206076117,1.0,S3 突破周量比五分位,训练段13-21,Q4 量比,5,3
10845,0.02060206200433412,0.02664647112615916,-0.6044409121825041,-9.884543983455085,1.0,S3 突破周量比五分位,训练段13-21,Q4 量比,20,3
10845,0.026272093567752456,0.03814590228266318,-1.1873808714910723,-5.4700684849605885,1.0,S3 突破周量比五分位,训练段13-21,Q4 量比,60,3
10845,0.04674423401273477,0.058698456477140885,-1.195422246440612,-2.6330141208661395,1.0,S3 突破周量比五分位,训练段13-21,Q4 量比,120,3
10845,0.08355852412836826,0.10148152934871288,-1.7923005220344623,-1.7923005220344512,1.0,S3 突破周量比五分位,训练段13-21,Q4 量比,250,3
10647,0.0004883391836755377,0.0100073870443699,-0.9519047860694362,-62.05219767375707,1.0,S3 突破周量比五分位,训练段13-21,Q5 量比,5,4
10647,0.0055951063023130234,0.023420406302845746,-1.7825300000532722,-26.336489541199892,1.0,S3 突破周量比五分位,训练段13-21,Q5 量比,20,4
10647,0.005352713288903921,0.034137954160972026,-2.8785240872068107,-12.762860197558258,1.0,S3 突破周量比五分位,训练段13-21,Q5 量比,60,4
10647,0.03950215900017973,0.07648575067551616,-3.698359167533643,-8.190177163477742,1.0,S3 突破周量比五分位,训练段13-21,Q5 量比,120,4
10647,0.05796860059537537,0.11402041894523529,-5.605181834985992,-5.605181834985995,1.0,S3 突破周量比五分位,训练段13-21,Q5 量比,250,4
9047,0.0030917437856934626,-0.0009566952883557228,0.40484390740491855,21.36282580866119,0.004975124378109453,S3 突破周量比五分位,留出段22-26,Q1 量比,5,0
9047,0.020234981398654043,0.012948390174788642,0.7286591223865401,11.008598523027736,0.004975124378109453,S3 突破周量比五分位,留出段22-26,Q1 量比,20,0
9047,0.03555990181421901,0.030135832877166695,0.5424068937052315,2.5036052125223973,0.004975124378109453,S3 突破周量比五分位,留出段22-26,Q1 量比,60,0
9047,0.08355392672177489,0.07105838297555256,1.249554374622233,2.8219428304988137,0.004975124378109453,S3 突破周量比五分位,留出段22-26,Q1 量比,120,0
9047,0.14988241246759407,0.14123312700157564,0.8649285466018425,0.8649285466018508,0.029850746268656716,S3 突破周量比五分位,留出段22-26,Q1 量比,250,0
7872,0.003773407743810044,0.0021538001851039356,0.16196075587061082,9.364061861005645,0.004975124378109453,S3 突破周量比五分位,留出段22-26,Q2 量比,5,1
7872,0.012854429249218195,0.007918556093988956,0.49358731552292395,6.9491672063783705,0.004975124378109453,S3 突破周量比五分位,留出段22-26,Q2 量比,20,1
7872,0.03017746122916485,0.02107428715005255,0.9103174079112298,4.109507593275108,0.004975124378109453,S3 突破周量比五分位,留出段22-26,Q2 量比,60,1
7872,0.0785739543813822,0.061308893041429266,1.7265061339952938,3.8702051136497273,0.004975124378109453,S3 突破周量比五分位,留出段22-26,Q2 量比,120,1
7872,0.1629144124430407,0.13124389369171274,3.1670518751327954,3.167051875132798,0.004975124378109453,S3 突破周量比五分位,留出段22-26,Q2 量比,250,1
6642,0.0019767919177262313,0.0009247393109978247,0.10520526067284067,5.648133758326734,0.05970149253731343,S3 突破周量比五分位,留出段22-26,Q3 量比,5,2
6642,0.0018981382277117656,0.003900677292901048,-0.20025390651892822,-2.5879717570483907,0.9353233830845771,S3 突破周量比五分位,留出段22-26,Q3 量比,20,2
6642,0.01429234705229549,0.015235168619742258,-0.09428215674467683,-0.4115039827851108,0.6666666666666666,S3 突破周量比五分位,留出段22-26,Q3 量比,60,2
6642,0.06290481825898035,0.05900891571150643,0.389590254747392,0.8653784478459547,0.06965174129353234,S3 突破周量比五分位,留出段22-26,Q3 量比,120,2
6642,0.15901421703389035,0.14606902470816113,1.2945192325729216,1.2945192325729327,0.009950248756218905,S3 突破周量比五分位,留出段22-26,Q3 量比,250,2
6272,2.1748023978018555e-05,0.0015967152827588461,-0.15749672587808275,-8.195222783283818,0.9950248756218906,S3 突破周量比五分位,留出段22-26,Q4 量比,5,3
6272,-0.0043604011269001005,0.0024503774078468658,-0.6810778534746966,-8.42240920653914,1.0,S3 突破周量比五分位,留出段22-26,Q4 量比,20,3
6272,0.0002605010430315763,0.014231120827297855,-1.3970619784266278,-5.956035861853981,1.0,S3 突破周量比五分位,留出段22-26,Q4 量比,60,3
6272,0.039616611929954394,0.058650001940267246,-1.9033390010312852,-4.176783951102392,1.0,S3 突破周量比五分位,留出段22-26,Q4 量比,120,3
6272,0.13413959279384413,0.16321077110631246,-2.907117831246833,-2.9071178312468415,1.0,S3 突破周量比五分位,留出段22-26,Q4 量比,250,3
7061,-0.011506921797715628,-0.0004176332836549111,-1.1089288514060718,-41.86937415910402,1.0,S3 突破周量比五分位,留出段22-26,Q5 量比,5,4
7061,-0.02777349778684693,-0.0006796803530607863,-2.7093817433786143,-28.83139153061056,1.0,S3 突破周量比五分位,留出段22-26,Q5 量比,20,4
7061,-0.03348374625666175,0.008665341238273252,-4.2149087494935,-16.890025276718944,1.0,S3 突破周量比五分位,留出段22-26,Q5 量比,60,4
7061,-0.009151569833924395,0.05210480105160143,-6.125637088552582,-13.059103568292208,1.0,S3 突破周量比五分位,留出段22-26,Q5 量比,120,4
7061,0.07659282356805519,0.13771897466437827,-6.112615109632308,-6.112615109632302,1.0,S3 突破周量比五分位,留出段22-26,Q5 量比,250,4
