部分,信号,门槛,n_mo,obs,rnd,lift,lo,hi,p
A,"AGE_YOUNG 上市[1,3)年",≥100%,135,0.17510518176080556,0.1624903740690673,1.0776341845725352,1.0516500318211774,1.1063839075172937,0.0
A,"AGE_YOUNG 上市[1,3)年",≥200%,135,0.052596095997907766,0.04590980414469291,1.1456397381296122,1.0907541705104795,1.2011682133197015,0.0
A,"AGE_YOUNG 上市[1,3)年",≥500%,135,0.005306481233207101,0.0033630321212030755,1.577885979664323,1.3164205908726554,1.9431822993533345,0.0
A,SMALL_MV 市值最小档,≥100%,135,0.2119286395624676,0.2020347729141885,1.0489711078225201,1.0421151951760812,1.0549244015276025,0.0
A,SMALL_MV 市值最小档,≥200%,135,0.06500321804025315,0.06336245909671262,1.0258948116429032,1.01316978451469,1.037760035204852,0.0
A,SMALL_MV 市值最小档,≥500%,135,0.005650068636852638,0.006187817246807106,0.9130955895260248,0.8754526918558797,0.9527550270259116,1.0
A,REGIME_RED 红轴,≥100%,67,0.21381184301536055,0.21132908105342543,1.0117483213836882,1.009878136026358,1.0134390637287036,0.0
A,REGIME_RED 红轴,≥200%,67,0.057034832162228745,0.056549625082650753,1.0085801997602784,1.0039723150846067,1.013645123118343,0.0
A,REGIME_RED 红轴,≥500%,67,0.004160035877300104,0.004221299578095043,0.9854870047336027,0.966324855822648,1.004379045545792,0.92
A,RPS250>=90,≥100%,135,0.16750318704194647,0.16069995871407397,1.0423349724686437,1.0184137776934263,1.0669454770754074,0.0
A,RPS250>=90,≥200%,135,0.04831679409642624,0.04561370602100996,1.0592604353211559,1.0106419027710312,1.110015133009875,0.025
A,RPS250>=90,≥500%,135,0.0030912926854366565,0.0032166351747482933,0.9610330415162965,0.7880177953968059,1.1815196225838644,0.58
A,RPS50>=95,≥100%,135,0.1754590535180075,0.1602206488556466,1.0951088687456896,1.0679832770610913,1.129446622344261,0.0
A,RPS50>=95,≥200%,135,0.05563061963864391,0.04555841217482267,1.2210833736955287,1.1461088329115594,1.3039521919218537,0.0
A,RPS50>=95,≥500%,135,0.004276006755034033,0.0032824341122683464,1.3026938572969777,1.0276414131660296,1.8208825811901845,0.04
A,MA_BULL 已多头排列,≥100%,135,0.1645666693152516,0.1620533062343636,1.015509483510649,1.0050036659263715,1.0262051667806542,0.005
A,MA_BULL 已多头排列,≥200%,135,0.04596930495791072,0.04572312685229622,1.0053841047750245,0.9876701699352449,1.0231181224684163,0.325
A,MA_BULL 已多头排列,≥500%,135,0.003131493846602512,0.0033287008939138826,0.9407555519115763,0.8746492726005722,1.0117281281527828,0.915
A,PRE_CROSS 金叉前夜,≥100%,131,0.15828318648400422,0.16467994773771388,0.9611564046407289,0.9477008858630178,0.9743770189180383,1.0
A,PRE_CROSS 金叉前夜,≥200%,131,0.0446496915678097,0.04693509980722998,0.9513070548734994,0.9204441470514979,0.9819963476561648,0.995
A,PRE_CROSS 金叉前夜,≥500%,131,0.00341769011392326,0.0033909199830978063,1.0078946512919476,0.8559049391863606,1.155351548429948,0.43
A,VOL_EXP 量比>=1.2,≥100%,135,0.1635915916708923,0.1618659297220076,1.0106610572827053,0.9987410703994322,1.0233980339310562,0.065
A,VOL_EXP 量比>=1.2,≥200%,135,0.04660273776532051,0.04584228144811377,1.0165885355873368,0.991719413222541,1.0418752807677893,0.145
A,VOL_EXP 量比>=1.2,≥500%,135,0.0030468025523871854,0.0033525338533356075,0.9088059019466025,0.8095030037289646,1.0268583752321156,0.895
A,NEAR_HIGH 距新高<=10%,≥100%,131,0.1650562294626965,0.16122457244542474,1.023765961721305,1.0017144799956896,1.0473729903745408,0.04
A,NEAR_HIGH 距新高<=10%,≥200%,131,0.05053320897334381,0.04646219582042644,1.0876199043336563,1.0400838456416277,1.1336816955685558,0.005
A,NEAR_HIGH 距新高<=10%,≥500%,131,0.0032969753874143607,0.003373330331420573,0.9773651150333511,0.8474432679180536,1.154067961723341,0.575
A,NI_ACCEL 净利加速,≥100%,132,0.14867540040875238,0.14652080141852322,1.0147050723813251,1.003802820471482,1.0261373799958309,0.01
A,NI_ACCEL 净利加速,≥200%,132,0.038094795441002506,0.03769704613389611,1.0105512062057498,0.9787744204753626,1.0408756280779192,0.29
A,NI_ACCEL 净利加速,≥500%,132,0.0029684999441448446,0.0026562368568486617,1.1175584498389384,0.9754006502654452,1.3224861152656195,0.085
A,USER_SETUP 用户四条件,≥100%,130,0.1776865052710989,0.15743716256516552,1.128618569948832,1.0820882608623017,1.1767782104959703,0.0
A,USER_SETUP 用户四条件,≥200%,130,0.05879976217512078,0.044796301258308746,1.3126030614908122,1.2033647832585335,1.4520068281662475,0.0
A,USER_SETUP 用户四条件,≥500%,130,0.004445546685818462,0.003143503391281673,1.4142013328657228,1.0051750057083577,2.22914832176823,0.05
B,RPS250>=90,≥100%,58,0.28193409046160056,0.23505964877682048,1.199415092844308,1.1266179762186053,1.29202889892789,0.0
B,RPS250>=90,≥200%,58,0.07081132145406994,0.06842801992139594,1.0348293218978386,0.8955543488029252,1.1857896172522053,0.315
B,RPS250>=90,≥500%,58,0.009695700682009,0.00837419450759968,1.1578069596078806,0.7770587826364359,1.9519978258096788,0.3
B,RPS50>=95,≥100%,48,0.2826596436462205,0.23381325062762548,1.2089119965933346,1.1131018545524405,1.3110815509697773,0.0
B,RPS50>=95,≥200%,48,0.09634320941692193,0.07301498380739127,1.319499154736088,1.097087385401788,1.6490548615991276,0.005
B,RPS50>=95,≥500%,48,0.010997942273409167,0.008223494342970547,1.3373806577504637,0.8037815553398103,3.160815757957653,0.225
B,MA_BULL 已多头排列,≥100%,63,0.27707666154558763,0.25704430846079007,1.0779334629300041,1.0559674056023665,1.0997691166142274,0.0
B,MA_BULL 已多头排列,≥200%,63,0.07887315433897323,0.077220991237961,1.0213952589124502,0.9737450544616997,1.0621023416997617,0.19
B,MA_BULL 已多头排列,≥500%,63,0.006295049972644832,0.007794839766520131,0.8075919661213442,0.7209488014420546,0.9351349393286358,1.0
B,PRE_CROSS 金叉前夜,≥100%,56,0.18897482090326287,0.2260354794499623,0.8360405249791611,0.7939393347599428,0.8792034663323407,1.0
B,PRE_CROSS 金叉前夜,≥200%,56,0.06615809357965093,0.06898597737876028,0.9590078461368583,0.8556508843468825,1.0857537039225362,0.705
B,PRE_CROSS 金叉前夜,≥500%,56,0.010614991877723941,0.008878275051343648,1.195614217439395,0.8563205608178754,1.7761499202127333,0.2
B,VOL_EXP 量比>=1.2,≥100%,65,0.23684624756318776,0.2476823989899447,0.9562498123768703,0.9126850935483426,1.0125261926521765,0.89
B,VOL_EXP 量比>=1.2,≥200%,65,0.07949576468255723,0.07762435521170874,1.0241085348244698,0.9215522334554572,1.1604135121582753,0.325
B,VOL_EXP 量比>=1.2,≥500%,65,0.0078063931840370755,0.008147822170033387,0.9580956752772486,0.706113484593227,1.4643439451391411,0.555
B,NEAR_HIGH 距新高<=10%,≥100%,61,0.2825490801541607,0.25028818480178194,1.1288949990904606,1.0755911894545498,1.187021920097268,0.0
B,NEAR_HIGH 距新高<=10%,≥200%,61,0.07470371374325785,0.07261397972205,1.0287786735998616,0.9358287941208954,1.139151905688231,0.305
B,NEAR_HIGH 距新高<=10%,≥500%,61,0.006681942199746304,0.007388780782888588,0.9043362357184522,0.6483552157253222,1.3077412796704828,0.625
B,NI_ACCEL 净利加速,≥100%,67,0.24676777562377025,0.2512107699540561,0.9823136789433891,0.9454282702221694,1.0173662061681559,0.795
B,NI_ACCEL 净利加速,≥200%,67,0.07121508656886541,0.07550983368033069,0.9431233403367434,0.8673662289472175,1.016263354132726,0.88
B,NI_ACCEL 净利加速,≥500%,67,0.009783868316729425,0.00861824691221338,1.1352504072335383,0.889793616020342,1.6049507799449867,0.22
B,USER_SETUP 用户四条件,≥100%,30,0.27684235209235203,0.21353395683020682,1.2964792869570874,1.1203802727825891,1.4874871172538637,0.005
B,USER_SETUP 用户四条件,≥200%,30,0.10100817700817699,0.06591807900432901,1.532328892678191,1.1990591747377057,2.228116808670579,0.01
B,USER_SETUP 用户四条件,≥500%,30,0.015509259259259257,0.009548769841269842,1.6242154242977083,0.7718894009216589,5.684848484848481,0.14
